{"data_map":[[0.001,2.3333333333333332e-05],[0.011,0.0023466666666666666],[0.020999999999999998,0.008506666666666666],[0.031,0.01767],[0.041,0.028736666666666667],[0.051000000000000004,0.042703333333333336],[0.061000000000000006,0.057493333333333334],[0.07100000000000001,0.07569666666666666],[0.081,0.09477],[0.091,0.11296333333333333],[0.10099999999999999,0.13251333333333334],[0.11099999999999999,0.15187],[0.12099999999999998,0.17236666666666667]],"e_try":300000,"note":"Steane Codes [[7,1,3]]","num_data":13}