{"data_map":[[0.001,2.2e-05],[0.011,0.002455],[0.020999999999999998,0.008499],[0.031,0.017222],[0.041,0.029166],[0.051000000000000004,0.042865],[0.061000000000000006,0.058672],[0.07100000000000001,0.075982],[0.081,0.093873],[0.091,0.112966],[0.10099999999999999,0.132848],[0.11099999999999999,0.152391],[0.12099999999999998,0.173202]],"e_try":1000000,"note":"Steane Codes [[7,1,3]]","num_data":13}