{
    "9": {
        "p_qubit": [
            0.1,
            0.07142857142857144,
            0.051020408163265314,
            0.036443148688046656,
            0.0260308204914619,
            0.018593443208187073,
            0.013281030862990767,
            0.009486450616421976
        ],
        "p_block": [
            0.26875,
            0.044375,
            0.008238636363636363,
            0.0011548913043478261,
            0.000155,
            2.7901785714285713e-05,
            2.7e-06,
            3.2e-07
        ]
    },
    "10": {
        "p_qubit": [
            0.1,
            0.07142857142857144,
            0.051020408163265314,
            0.036443148688046656,
            0.0260308204914619,
            0.018593443208187073,
            0.013281030862990767,
            0.009486450616421976
        ],
        "p_block": [
            0.28125,
            0.06171875,
            0.013125,
            0.001542381974248927,
            0.00019221230158730158,
            3.04e-05,
            3.79e-06,
            3e-07
        ]
    },
    "11": {
        "p_qubit": [
            0.1,
            0.07142857142857144,
            0.051020408163265314,
            0.036443148688046656,
            0.0260308204914619,
            0.018593443208187073,
            0.013281030862990767,
            0.009486450616421976
        ],
        "p_block": [
            0.2,
            0.04017857142857143,
            0.004322916666666667,
            0.00041213188220230474,
            3.74e-05,
            2.99e-06,
            3.5e-07,
            2e-08
        ]
    },
    "12": {
        "p_qubit": [
            0.1,
            0.07142857142857144,
            0.051020408163265314,
            0.036443148688046656,
            0.0260308204914619,
            0.018593443208187073,
            0.013281030862990767,
            0.009486450616421976
        ],
        "p_block": [
            0.259375,
            0.04625,
            0.0059210526315789476,
            0.0004482581967213115,
            4.170266897081413e-05,
            3.61e-06,
            3.3e-07,
            5e-08
        ]
    },
    "13": {
        "p_qubit": [
            0.1,
            0.07142857142857144,
            0.051020408163265314,
            0.036443148688046656,
            0.0260308204914619,
            0.018593443208187073,
            0.013281030862990767,
            0.009486450616421976
        ],
        "p_block": [
            0.18125,
            0.03664772727272727,
            0.002525,
            0.00016481054787506402,
            9.6e-06,
            4.8e-07,
            3e-08,
            0.0
        ]
    },
    "14": {
        "p_qubit": [
            0.1,
            0.07142857142857144,
            0.051020408163265314,
            0.036443148688046656,
            0.0260308204914619,
            0.018593443208187073,
            0.013281030862990767,
            0.009486450616421976
        ],
        "p_block": [
            0.246875,
            0.034375,
            0.0028356481481481483,
            0.00016801075268817206,
            8.4e-06,
            4.9e-07,
            5e-08,
            0.0
        ]
    },
    "15": {
        "p_qubit": [
            0.1,
            0.07142857142857144,
            0.051020408163265314,
            0.036443148688046656,
            0.0260308204914619,
            0.018593443208187073,
            0.013281030862990767,
            0.009486450616421976
        ],
        "p_block": [
            0.259375,
            0.024479166666666666,
            0.001309419014084507,
            5.35e-05,
            1.85e-06,
            7e-08,
            0.0,
            0.0
        ]
    },
    "16": {
        "p_qubit": [
            0.1,
            0.07142857142857144,
            0.051020408163265314,
            0.036443148688046656,
            0.0260308204914619,
            0.018593443208187073,
            0.013281030862990767,
            0.009486450616421976
        ],
        "p_block": [
            0.20625,
            0.023177083333333334,
            0.0011580882352941176,
            5.970382104454685e-05,
            2.11e-06,
            1.1e-07,
            0.0,
            0.0
        ]
    },
    "17": {
        "p_qubit": [
            0.1,
            0.07142857142857144,
            0.051020408163265314,
            0.036443148688046656,
            0.0260308204914619,
            0.018593443208187073,
            0.013281030862990767,
            0.009486450616421976
        ],
        "p_block": [
            0.1875,
            0.0185546875,
            0.0006328405017921147,
            1.36e-05,
            4.1e-07,
            1e-08,
            0.0,
            0.0
        ]
    },
    "18": {
        "p_qubit": [
            0.1,
            0.07142857142857144,
            0.051020408163265314,
            0.036443148688046656,
            0.0260308204914619,
            0.018593443208187073,
            0.013281030862990767,
            0.009486450616421976
        ],
        "p_block": [
            0.21875,
            0.02375,
            0.0007463910761154856,
            2.14e-05,
            3.5e-07,
            0.0,
            0.0,
            0.0
        ]
    },
    "19": {
        "p_qubit": [
            0.1,
            0.07142857142857144,
            0.051020408163265314,
            0.036443148688046656,
            0.0260308204914619,
            0.018593443208187073,
            0.013281030862990767,
            0.009486450616421976
        ],
        "p_block": [
            0.215625,
            0.014543269230769231,
            0.00035282258064516127,
            5.6e-06,
            1.1e-07,
            2e-08,
            0.0,
            0.0
        ]
    },
    "20": {
        "p_qubit": [
            0.1,
            0.07142857142857144,
            0.051020408163265314,
            0.036443148688046656,
            0.0260308204914619,
            0.018593443208187073,
            0.013281030862990767,
            0.009486450616421976
        ],
        "p_block": [
            0.196875,
            0.01299342105263158,
            0.0003929017485428809,
            6.44e-06,
            1.7e-07,
            0.0,
            0.0,
            0.0
        ]
    }
}