{"data_map":[[0.011215665478461513,0.00547],[0.013458798574153816,0.00749],[0.016150558288984578,0.0105],[0.019380669946781493,0.01493],[0.023256803936137792,0.0216],[0.02790816472336535,0.02911],[0.03348979766803842,0.03979],[0.0401877572016461,0.05589],[0.04822530864197532,0.07806],[0.057870370370370385,0.1044],[0.06944444444444446,0.14145],[0.08333333333333334,0.18513],[0.1,0.2402]],"e_try":100000,"note":"n11k2d3-x4z5dx3dz3-0","num_cores":16,"num_data":13,"title":"../data/CSS-Codes/run2/n11k2d3-x4z5dx3dz3-0"}