{"data_map":[[0.011215665478461513,0.00466],[0.013458798574153816,0.00693],[0.016150558288984578,0.00986],[0.019380669946781493,0.01422],[0.023256803936137792,0.02005],[0.02790816472336535,0.02828],[0.03348979766803842,0.04045],[0.0401877572016461,0.05634],[0.04822530864197532,0.08051],[0.057870370370370385,0.11195],[0.06944444444444446,0.15142],[0.08333333333333334,0.20275],[0.1,0.27122]],"e_try":100000,"note":"n18k2d4-x8z8dx4dz4-0","num_cores":16,"num_data":13,"title":"../data/CSS-Codes/run2/n18k2d4-x8z8dx4dz4-0"}