{"data_map":[[0.011215665478461513,0.00043],[0.013458798574153816,0.0009],[0.016150558288984578,0.00143],[0.019380669946781493,0.00256],[0.023256803936137792,0.00486],[0.02790816472336535,0.00795],[0.03348979766803842,0.01303],[0.0401877572016461,0.02177],[0.04822530864197532,0.03661],[0.057870370370370385,0.05978],[0.06944444444444446,0.09327],[0.08333333333333334,0.14228],[0.1,0.21373]],"e_try":100000,"note":"n27k2d5-x13z12dx5dz5-0","num_cores":16,"num_data":13,"title":"../data/CSS-Codes/run2/n27k2d5-x13z12dx5dz5-0"}