{"data_map":[[0.001,1e-05],[0.011,0.00436],[0.020999999999999998,0.01634],[0.031,0.03371],[0.041,0.05571],[0.051000000000000004,0.08374],[0.061000000000000006,0.11425],[0.07100000000000001,0.14709],[0.081,0.1829],[0.091,0.2196],[0.10099999999999999,0.25841],[0.11099999999999999,0.29821],[0.12099999999999998,0.33754]],"e_try":100000,"note":"Steane Codes [[7,1,3]]","num_data":13}