{"data_map":[[0.001,3e-05],[0.011,0.00457],[0.020999999999999998,0.01567],[0.031,0.03333],[0.041,0.05527],[0.051000000000000004,0.08373],[0.061000000000000006,0.11689],[0.07100000000000001,0.1518],[0.081,0.18691],[0.091,0.23019],[0.10099999999999999,0.27092],[0.11099999999999999,0.31542],[0.12099999999999998,0.35293]],"e_try":100000,"note":"Steane Codes [[7,1,3]]","num_data":13}