{"data_map":[[0.001,0.0],[0.011,0.0002],[0.020999999999999998,0.0051],[0.031,0.0165],[0.041,0.0324],[0.051000000000000004,0.0569],[0.061000000000000006,0.0833],[0.07100000000000001,0.1234],[0.081,0.1652],[0.091,0.217],[0.10099999999999999,0.2716],[0.11099999999999999,0.321],[0.12099999999999998,0.3671]],"e_try":10000,"note":"Steane Codes [[7,1,3]]","num_data":13}