{"data_map":[[0.011215665478461513,0.0053],[0.013458798574153816,0.0076],[0.016150558288984578,0.0088],[0.019380669946781493,0.0137],[0.023256803936137792,0.0194],[0.02790816472336535,0.0284],[0.03348979766803842,0.0431],[0.0401877572016461,0.0583],[0.04822530864197532,0.0744],[0.057870370370370385,0.1038],[0.06944444444444446,0.1411],[0.08333333333333334,0.1879],[0.1,0.239]],"e_try":10000,"note":"n11k2d3-x4z5dx3dz3-0","num_cores":6,"num_data":13,"title":"../data/CSS-Codes/run2/n11k2d3-x4z5dx3dz3-0"}