{"data_map":[[0.011215665478461513,0.00418],[0.013458798574153816,0.00581],[0.016150558288984578,0.00813],[0.019380669946781493,0.01187],[0.023256803936137792,0.01715],[0.02790816472336535,0.02366],[0.03348979766803842,0.03328],[0.0401877572016461,0.04657],[0.04822530864197532,0.06567],[0.057870370370370385,0.09131],[0.06944444444444446,0.12368],[0.08333333333333334,0.16791],[0.1,0.22475]],"e_try":100000,"note":"n11k2d3-x4z5dx3dz3-2","num_cores":32,"num_data":13,"title":"../data/CSS-Codes/run1/n11k2d3-x4z5dx3dz3-2"}