{"data_map":[[0.011215665478461513,0.00518],[0.013458798574153816,0.00755],[0.016150558288984578,0.01032],[0.019380669946781493,0.01467],[0.023256803936137792,0.02177],[0.02790816472336535,0.0292],[0.03348979766803842,0.03966],[0.0401877572016461,0.05699],[0.04822530864197532,0.07652],[0.057870370370370385,0.10458],[0.06944444444444446,0.14088],[0.08333333333333334,0.18499],[0.1,0.23957]],"e_try":100000,"note":"n11k2d3-x4z5dx3dz3-0","num_cores":16,"num_data":13,"title":"../data/CSS-Codes/run2/n11k2d3-x4z5dx3dz3-0"}