{"data_map":[[0.011215665478461513,0.001],[0.013458798574153816,0.0014],[0.016150558288984578,0.0023],[0.019380669946781493,0.0041],[0.023256803936137792,0.0046],[0.02790816472336535,0.0092],[0.03348979766803842,0.0122],[0.0401877572016461,0.0156],[0.04822530864197532,0.0276],[0.057870370370370385,0.0393],[0.06944444444444446,0.0513],[0.08333333333333334,0.0694],[0.1,0.1063]],"e_try":10000,"note":"n13k1d3-x6z6dx3dz3-9","num_cores":16,"num_data":13,"title":"../data/CSS-Codes/run2/n13k1d3-x6z6dx3dz3-9"}