{"data_map":[[0.001,0.0],[0.011,0.006],[0.020999999999999998,0.017],[0.031,0.035],[0.041,0.061],[0.051000000000000004,0.077],[0.061000000000000006,0.111],[0.07100000000000001,0.135],[0.081,0.17],[0.091,0.223],[0.10099999999999999,0.254],[0.11099999999999999,0.317],[0.12099999999999998,0.32]],"e_try":1000,"note":"n13k1d3-x6z6dx3dz3-9","num_cores":32,"num_data":13,"title":"../data/CSS-Codes/run1/n13k1d3-x6z6dx3dz3-9"}