{"data_map":[[0.011215665478461513,0.00475],[0.013458798574153816,0.00705],[0.016150558288984578,0.01012],[0.019380669946781493,0.01398],[0.023256803936137792,0.02004],[0.02790816472336535,0.02774],[0.03348979766803842,0.03946],[0.0401877572016461,0.05514],[0.04822530864197532,0.07445],[0.057870370370370385,0.10364],[0.06944444444444446,0.14112],[0.08333333333333334,0.19237],[0.1,0.25516]],"e_try":100000,"note":"n13k1d3-x6z6dx3dz3-9","num_cores":32,"num_data":13,"title":"../data/CSS-Codes/run1/n13k1d3-x6z6dx3dz3-9"}