{"data_map":[[0.011215665478461513,0.00213],[0.013458798574153816,0.00278],[0.016150558288984578,0.00424],[0.019380669946781493,0.0063],[0.023256803936137792,0.00883],[0.02790816472336535,0.01333],[0.03348979766803842,0.01835],[0.0401877572016461,0.02694],[0.04822530864197532,0.03592],[0.057870370370370385,0.05141],[0.06944444444444446,0.07224],[0.08333333333333334,0.09927],[0.1,0.13547]],"e_try":100000,"note":"n15k1d4-x8z6dx4dz4-0","num_cores":16,"num_data":13,"title":"../data/CSS-Codes/run2/n15k1d4-x8z6dx4dz4-0"}