{"data_map":[[0.011215665478461513,0.00467],[0.013458798574153816,0.00633],[0.016150558288984578,0.00954],[0.019380669946781493,0.01333],[0.023256803936137792,0.01917],[0.02790816472336535,0.02712],[0.03348979766803842,0.03838],[0.0401877572016461,0.05324],[0.04822530864197532,0.07515],[0.057870370370370385,0.10448],[0.06944444444444446,0.145],[0.08333333333333334,0.19706],[0.1,0.26347]],"e_try":100000,"note":"n15k1d4-x7z7dx4dz4-0","num_cores":32,"num_data":13,"title":"../data/CSS-Codes/run1/n15k1d4-x7z7dx4dz4-0"}