{"data_map":[[0.011215665478461513,0.0034],[0.013458798574153816,0.0084],[0.016150558288984578,0.0095],[0.019380669946781493,0.0128],[0.023256803936137792,0.0202],[0.02790816472336535,0.029],[0.03348979766803842,0.042],[0.0401877572016461,0.0553],[0.04822530864197532,0.0817],[0.057870370370370385,0.111],[0.06944444444444446,0.1495],[0.08333333333333334,0.2032],[0.1,0.2714]],"e_try":10000,"note":"n18k2d4-x8z8dx4dz4-0","num_cores":6,"num_data":13,"title":"../data/CSS-Codes/run2/n18k2d4-x8z8dx4dz4-0"}