{"data_map":[[0.011215665478461513,0.00421],[0.013458798574153816,0.00597],[0.016150558288984578,0.00903],[0.019380669946781493,0.01248],[0.023256803936137792,0.01779],[0.02790816472336535,0.02583],[0.03348979766803842,0.03902],[0.0401877572016461,0.05611],[0.04822530864197532,0.08019],[0.057870370370370385,0.11235],[0.06944444444444446,0.16123],[0.08333333333333334,0.21895],[0.1,0.30086]],"e_try":100000,"note":"n18k2d4-x8z8dx4dz4-4","num_cores":32,"num_data":13,"title":"../data/CSS-Codes/run1/n18k2d4-x8z8dx4dz4-4"}