{"data_map":[[0.011215665478461513,0.00093],[0.013458798574153816,0.00166],[0.016150558288984578,0.0024],[0.019380669946781493,0.00429],[0.023256803936137792,0.00701],[0.02790816472336535,0.01093],[0.03348979766803842,0.01739],[0.0401877572016461,0.0294],[0.04822530864197532,0.04771],[0.057870370370370385,0.07509],[0.06944444444444446,0.11882],[0.08333333333333334,0.1759],[0.1,0.25934]],"e_try":100000,"note":"n23k1d5-x11z11dx5dz5-0","num_cores":32,"num_data":13,"title":"../data/CSS-Codes/run1/n23k1d5-x11z11dx5dz5-0"}