{"data_map":[[0.011215665478461513,0.00024],[0.013458798574153816,0.0004],[0.016150558288984578,0.00066],[0.019380669946781493,0.0012],[0.023256803936137792,0.00198],[0.02790816472336535,0.00347],[0.03348979766803842,0.00666],[0.0401877572016461,0.01059],[0.04822530864197532,0.01726],[0.057870370370370385,0.0289],[0.06944444444444446,0.04855],[0.08333333333333334,0.07572],[0.1,0.11802]],"e_try":100000,"note":"n25k1d5-x13z11dx5dz5-0","num_cores":16,"num_data":13,"title":"../data/CSS-Codes/run2/n25k1d5-x13z11dx5dz5-0"}