{"data_map":[[0.011215665478461513,0.0003],[0.013458798574153816,0.0004],[0.016150558288984578,0.0018],[0.019380669946781493,0.0024],[0.023256803936137792,0.0058],[0.02790816472336535,0.0075],[0.03348979766803842,0.0132],[0.0401877572016461,0.0229],[0.04822530864197532,0.0372],[0.057870370370370385,0.0591],[0.06944444444444446,0.093],[0.08333333333333334,0.1398],[0.1,0.2108]],"e_try":10000,"note":"n27k2d5-x13z12dx5dz5-0","num_cores":6,"num_data":13,"title":"../data/CSS-Codes/run2/n27k2d5-x13z12dx5dz5-0"}