{"data_map":[[0.011215665478461513,0.002467],[0.013458798574153816,0.003512],[0.016150558288984578,0.005086],[0.019380669946781493,0.007227],[0.023256803936137792,0.010181],[0.02790816472336535,0.01451],[0.03348979766803842,0.020104],[0.0401877572016461,0.028158],[0.04822530864197532,0.038755],[0.057870370370370385,0.053545],[0.06944444444444446,0.072956],[0.08333333333333334,0.098261],[0.1,0.130736]],"e_try":1000000,"note":"n7k1d3-x3z3dx3dz3-0","num_cores":16,"num_data":13,"title":"../data/CSS-Codes/run2/n7k1d3-x3z3dx3dz3-0"}