{"data_map":[[0.011215665478461513,0.000124],[0.013458798574153816,0.000261],[0.016150558288984578,0.000441],[0.019380669946781493,0.000975],[0.023256803936137792,0.001872],[0.02790816472336535,0.003797],[0.03348979766803842,0.007315],[0.0401877572016461,0.014594],[0.04822530864197532,0.027048],[0.057870370370370385,0.050094],[0.06944444444444446,0.088633],[0.08333333333333334,0.151627],[0.1,0.245553]],"e_try":1000000,"note":"no-note","num_cores":32,"num_data":13,"title":"NA"}