{"data_map":[[0.011215665478461513,9e-05],[0.013458798574153816,0.00025],[0.016150558288984578,0.00036],[0.019380669946781493,0.00084],[0.023256803936137792,0.00205],[0.02790816472336535,0.00389],[0.03348979766803842,0.00772],[0.0401877572016461,0.0135],[0.04822530864197532,0.02741],[0.057870370370370385,0.05024],[0.06944444444444446,0.08923],[0.08333333333333334,0.15329],[0.1,0.24518]],"e_try":100000,"note":"no-note","num_cores":16,"num_data":13,"title":"NA"}