{"data_map":[[0.001,0.0],[0.011,0.0014],[0.020999999999999998,0.0088],[0.031,0.0186],[0.041,0.0294],[0.051000000000000004,0.0445],[0.061000000000000006,0.0593],[0.07100000000000001,0.0782],[0.081,0.0946],[0.091,0.105],[0.10099999999999999,0.1328],[0.11099999999999999,0.1511],[0.12099999999999998,0.1729]],"e_try":10000,"note":"Steane Codes [[7,1,3]]","num_data":13}