{"data_map":[[0.011215665478461513,0.00242],[0.013458798574153816,0.003508],[0.016150558288984578,0.004988],[0.019380669946781493,0.007137],[0.023256803936137792,0.010314],[0.02790816472336535,0.014315],[0.03348979766803842,0.020071],[0.0401877572016461,0.02817],[0.04822530864197532,0.038771],[0.057870370370370385,0.053534],[0.06944444444444446,0.072739],[0.08333333333333334,0.097872],[0.1,0.130402]],"e_try":1000000,"note":"steane1","num_cores":16,"num_data":13,"title":"../data/CSS-Codes/run2/steane1"}