{
    "8": {
        "p_qubit": [
            0.1,
            0.07142857142857144,
            0.051020408163265314,
            0.036443148688046656,
            0.0260308204914619,
            0.018593443208187073,
            0.013281030862990767,
            0.009486450616421976
        ],
        "p_block": [
            0.26312,
            0.0843,
            0.020426666666666666,
            0.004256666666666666,
            0.0008566666666666667,
            0.00017666666666666666,
            6.666666666666667e-05,
            3.3333333333333333e-06
        ]
    },
    "10": {
        "p_qubit": [
            0.1,
            0.07142857142857144,
            0.051020408163265314,
            0.036443148688046656,
            0.0260308204914619,
            0.018593443208187073,
            0.013281030862990767,
            0.009486450616421976
        ],
        "p_block": [
            0.25587,
            0.06282666666666667,
            0.010383333333333333,
            0.0015266666666666666,
            0.00019,
            2.3333333333333332e-05,
            0.0,
            0.0
        ]
    },
    "12": {
        "p_qubit": [
            0.1,
            0.07142857142857144,
            0.051020408163265314,
            0.036443148688046656,
            0.0260308204914619,
            0.018593443208187073,
            0.013281030862990767,
            0.009486450616421976
        ],
        "p_block": [
            0.25026,
            0.04812333333333333,
            0.0056233333333333335,
            0.00046666666666666666,
            4.6666666666666665e-05,
            1e-05,
            0.0,
            0.0
        ]
    },
    "14": {
        "p_qubit": [
            0.1,
            0.07142857142857144,
            0.051020408163265314,
            0.036443148688046656,
            0.0260308204914619,
            0.018593443208187073,
            0.013281030862990767,
            0.009486450616421976
        ],
        "p_block": [
            0.24645666666666666,
            0.036206666666666665,
            0.00301,
            0.00018,
            6.666666666666667e-06,
            0.0,
            0.0,
            0.0
        ]
    },
    "16": {
        "p_qubit": [
            0.1,
            0.07142857142857144,
            0.051020408163265314,
            0.036443148688046656,
            0.0260308204914619,
            0.018593443208187073,
            0.013281030862990767,
            0.009486450616421976
        ],
        "p_block": [
            0.24172,
            0.02737,
            0.00149,
            8.333333333333333e-05,
            0.0,
            0.0,
            0.0,
            0.0
        ]
    },
    "18": {
        "p_qubit": [
            0.1,
            0.07142857142857144,
            0.051020408163265314,
            0.036443148688046656,
            0.0260308204914619,
            0.018593443208187073,
            0.013281030862990767,
            0.009486450616421976
        ],
        "p_block": [
            0.23824666666666666,
            0.020483333333333333,
            0.0007833333333333334,
            3.3333333333333335e-05,
            3.3333333333333333e-06,
            0.0,
            0.0,
            0.0
        ]
    },
    "20": {
        "p_qubit": [
            0.1,
            0.07142857142857144,
            0.051020408163265314,
            0.036443148688046656,
            0.0260308204914619,
            0.018593443208187073,
            0.013281030862990767,
            0.009486450616421976
        ],
        "p_block": [
            0.23492333333333335,
            0.015916666666666666,
            0.00036333333333333335,
            3.3333333333333333e-06,
            0.0,
            0.0,
            0.0,
            0.0
        ]
    },
    "9": {
        "p_qubit": [
            0.1,
            0.07142857142857144,
            0.051020408163265314,
            0.036443148688046656,
            0.0260308204914619,
            0.018593443208187073,
            0.013281030862990767,
            0.009486450616421976
        ],
        "p_block": [
            0.22706666666666667,
            0.05316866666666667,
            0.009749666666666667,
            0.00131,
            0.00012,
            2e-05,
            0.0,
            0.0
        ]
    },
    "11": {
        "p_qubit": [
            0.1,
            0.07142857142857144,
            0.051020408163265314,
            0.036443148688046656,
            0.0260308204914619,
            0.018593443208187073,
            0.013281030862990767,
            0.009486450616421976
        ],
        "p_block": [
            0.22396733333333332,
            0.04183933333333333,
            0.00486,
            0.00027,
            2e-05,
            0.0,
            0.0,
            0.0
        ]
    },
    "13": {
        "p_qubit": [
            0.1,
            0.07142857142857144,
            0.051020408163265314,
            0.036443148688046656,
            0.0260308204914619,
            0.018593443208187073,
            0.013281030862990767,
            0.009486450616421976
        ],
        "p_block": [
            0.222357,
            0.0316,
            0.00239,
            8e-05,
            0.0,
            0.0,
            0.0,
            0.0
        ]
    },
    "15": {
        "p_qubit": [
            0.1,
            0.07142857142857144,
            0.051020408163265314,
            0.036443148688046656,
            0.0260308204914619,
            0.018593443208187073,
            0.013281030862990767,
            0.009486450616421976
        ],
        "p_block": [
            0.22052866666666668,
            0.023869666666666668,
            0.00122,
            0.0001,
            2e-05,
            0.0,
            0.0,
            0.0
        ]
    },
    "17": {
        "p_qubit": [
            0.1,
            0.07142857142857144,
            0.051020408163265314,
            0.036443148688046656,
            0.0260308204914619,
            0.018593443208187073,
            0.013281030862990767,
            0.009486450616421976
        ],
        "p_block": [
            0.22166766666666668,
            0.01793,
            0.00059,
            0.0,
            0.0,
            0.0,
            0.0,
            0.0
        ]
    },
    "19": {
        "p_qubit": [
            0.1,
            0.07142857142857144,
            0.051020408163265314,
            0.036443148688046656,
            0.0260308204914619,
            0.018593443208187073,
            0.013281030862990767,
            0.009486450616421976
        ],
        "p_block": [
            0.21693733333333334,
            0.013439333333333333,
            0.00037,
            1e-05,
            0.0,
            0.0,
            0.0,
            0.0
        ]
    }
}